category,image_url,images,title
construction,https://plus.unsplash.com/premium_photo-1681691912442-68c4179c530c,a group of people standing on top of a construction site - 853ab828f1f3b43467125e7184c6acd7f84baa85.jpg,a group of people standing on top of a construction site
construction,https://images.unsplash.com/photo-1489514354504-1653aa90e34e,man walking on construction site - 4ae1a98a0a06c7afa412553b574c3bf27785807e.jpg,man walking on construction site
construction,https://plus.unsplash.com/premium_photo-1677522805495-20700faf5802,a tall yellow crane sitting on top of a building - 61d42ad047d6511aadb865f152574ac8f7acd141.jpg,a tall yellow crane sitting on top of a building
construction,https://plus.unsplash.com/premium_photo-1681989486976-9ec9d2eac57a,a couple of construction workers standing next to each other - 5194c6e96386dddcb9f4ac4d4267991f735caa45.jpg,a couple of construction workers standing next to each other
construction,https://images.unsplash.com/photo-1495036019936-220b29b930ea,orange excavator - c6be305fc86f3dfaa3bcebe9115bb37a696bcc67.jpg,orange excavator
construction,https://images.unsplash.com/photo-1512207736890-6ffed8a84e8d,selective color photo of man on top of gray building - 4c1608044838d8162e840f078df0cb1d0db384d9.jpg,selective color photo of man on top of gray building
construction,https://images.unsplash.com/photo-1488257907837-523fe2051fc3,man standing under scaffoldings - f47e2e698c72092a8653884f7fff4d29857e49cf.jpg,man standing under scaffoldings
construction,https://images.unsplash.com/uploads/14123892966835548e7bd/14369636,black metal canopy frame - f21aaaa2721a2b4565d8938ac7a30710ff99b844.jpg,black metal canopy frame
construction,https://images.unsplash.com/photo-1517089596392-fb9a9033e05b,top view photography of four heavy equipment on quarry at daytime - 4aad09bf01a008933f81351093a17a693f1fe9b5.jpg,top view photography of four heavy equipment on quarry at daytime
construction,https://images.unsplash.com/photo-1504307651254-35680f356dfd,two men working - 9c1484d309ff97f6c7abdc7dc6d724653f0a97f7.jpg,two men working
construction,https://images.unsplash.com/photo-1541888946425-d81bb19240f5,seven construction workers standing on white field - 4501d622d6813f989fde8833f8f6104a422d276d.jpg,seven construction workers standing on white field
construction,https://images.unsplash.com/photo-1429497419816-9ca5cfb4571a,low angle photography of cranes on top of building - bac54f1739ad80aa0a1437f649e4d1a490285735.jpg,low angle photography of cranes on top of building
construction,https://images.unsplash.com/photo-1531834685032-c34bf0d84c77,people working on building during daytime - a8ef0d5c8ce2cd630fc45850f2ed70f94d31fe0a.jpg,people working on building during daytime
construction,https://images.unsplash.com/photo-1485083269755-a7b559a4fe5e,several cranes above the buildings - a6640b28684fc2c6b690975ee8150bc9219cd413.jpg,several cranes above the buildings
construction,https://images.unsplash.com/photo-1533378890784-b2a5b0a59d40,aerial photo of people in park at daytime - 7c8764cdf369b147daff17b7c0f4123869ad8ee1.jpg,aerial photo of people in park at daytime
construction,https://images.unsplash.com/photo-1509453721491-c3af5961df76,five yellow hard hats on gray surface - 95167007cfd747223cca4bd408580a3578bc4a88.jpg,five yellow hard hats on gray surface
construction,https://plus.unsplash.com/premium_photo-1681690860636-3d96ea7a593b,two construction workers working on a construction site - 99e905e12d4888751f364d3aebcaa96ec25bd904.jpg,two construction workers working on a construction site
construction,https://images.unsplash.com/photo-1513467535987-fd81bc7d62f8,man in black sweatpants using DEWALT circular saw and cutting a wood plank - e218afe9776d61568666caf33384bba716ef006f.jpg,man in black sweatpants using DEWALT circular saw and cutting a wood plank
construction,https://plus.unsplash.com/premium_photo-1682597001147-55ec5f877209,a pair of scissors and a tape measure on a wooden floor - efaf3f0806dd3d2217a2e180763e346185c0780c.jpg,a pair of scissors and a tape measure on a wooden floor
construction,https://images.unsplash.com/photo-1517011453931-c30f571a4fab,gray steel frame - 301dd6b2f572baa768d376f84cc9c175cbcfa389.jpg,gray steel frame
